{
  "project_info": {
    "project_number": "192727195185",
    "project_id": "tempumidade-61dba",
    "storage_bucket": "tempumidade-61dba.firebasestorage.app"
  },
  "client": [
    {
      "client_info": {
        "mobilesdk_app_id": "1:192727195185:android:d43f44991d1f024a36ff10",
        "android_client_info": {
          "package_name": "com.example.apptemperatura"
        }
      },
      "oauth_client": [],
      "api_key": [
        {
          "current_key": "AIzaSyAzRs4wlHFMTcob6G5l7adSpc55fZOvJZY"
        }
      ],
      "services": {
        "appinvite_service": {
          "other_platform_oauth_client": []
        }
      }
    }
  ],
  "configuration_version": "1"
}